{"count":1,"self":2431.9705088,"total":35202.675036399996,"children":{"InitializeActuators":{"count":30,"self":0.0009998,"total":0.0009998,"children":null},"InitializeSensors":{"count":30,"self":0.0030145,"total":0.0136121,"children":{"CreateObservableSensors":{"count":30,"self":0.010597599999999999,"total":0.010597599999999999,"children":null}}},"AgentSendState":{"count":3605134,"self":741.31261439999992,"total":1990.2273787,"children":{"CollectObservations":{"count":36051360,"self":17.5948368,"total":17.5948361,"children":null},"WriteActionMask":{"count":36051360,"self":17.2197536,"total":17.2197539,"children":null},"RequestDecision":{"count":36051360,"self":75.3064768,"total":1214.1001711,"children":{"AgentInfo.ToProto":{"count":36051360,"self":54.652896,"total":1138.7936968,"children":{"GenerateSensorData":{"count":36051360,"self":974.5306624,"total":1084.1408004999998,"children":{"RayPerceptionSensor.Perceive":{"count":108154080,"self":109.6100864,"total":109.6100902,"children":null}}}}}}}}},"DecideAction":{"count":3605134,"self":30664.245248,"total":30664.2443489,"children":null},"AgentAct":{"count":3605134,"self":115.1779584,"total":116.145063,"children":{"AgentInfo.ToProto":{"count":20926,"self":0.0649202,"total":0.9671075,"children":{"GenerateSensorData":{"count":20926,"self":0.82171299999999992,"total":0.90218729999999991,"children":{"RayPerceptionSensor.Perceive":{"count":62778,"self":0.0804743,"total":0.0804743,"children":null}}}}}}},"AgentInfo.ToProto":{"count":1530,"self":0.0093673,"total":0.073192399999999991,"children":{"GenerateSensorData":{"count":1530,"self":0.0608263,"total":0.0638251,"children":{"RayPerceptionSensor.Perceive":{"count":4590,"self":0.0029988,"total":0.0029988,"children":null}}}}}},"gauges":{"TestBus01.CumulativeReward":{"count":22456,"max":3.29176831,"min":-1.49947071,"runningAverage":-0.3583669,"value":0.8103935,"weightedAverage":-0.0130829886}},"metadata":{"timer_format_version":"0.1.0","start_time_seconds":"1674008634","unity_version":"2021.3.11f1","command_line_arguments":"C:\\Program Files\\Unity\\Hub\\Editor\\2021.3.11f1\\Editor\\Unity.exe -projectpath C:\\Root\\ml2\\ml-agents\\Project -useHub -hubIPC -cloudEnvironment production","communication_protocol_version":"1.5.0","com.unity.ml-agents_version":"2.3.0-exp.4","scene_name":"00_SisabusLaunchTrainer02","end_time_seconds":"1674043837"}}