{"count":1,"self":1544.4502527999998,"total":9016.3855706,"children":{"InitializeActuators":{"count":10,"self":0.0015259,"total":0.0015259,"children":null},"InitializeSensors":{"count":10,"self":0.0019993999999999997,"total":0.004999,"children":{"CreateObservableSensors":{"count":10,"self":0.0029996,"total":0.0029996,"children":null}}},"AgentSendState":{"count":2814967,"self":216.46046719999998,"total":343.6698708,"children":{"CollectObservations":{"count":5629940,"self":3.3492859999999998,"total":3.3492861,"children":null},"WriteActionMask":{"count":5629940,"self":2.7436388,"total":2.7436388,"children":null},"RequestDecision":{"count":5629940,"self":11.8979968,"total":121.1164677,"children":{"AgentInfo.ToProto":{"count":5629940,"self":10.1906848,"total":109.2184712,"children":{"GenerateSensorData":{"count":5629940,"self":80.3125632,"total":99.0277861,"children":{"RayPerceptionSensor.Perceive":{"count":16889820,"self":18.715224,"total":18.715224499999998,"children":null}}}}}}}}},"DecideAction":{"count":2814967,"self":7094.0065792,"total":7094.0068451,"children":null},"AgentAct":{"count":2814967,"self":32.9455264,"total":33.0029544,"children":{"AgentInfo.ToProto":{"count":2810,"self":0.0093414,"total":0.057429499999999994,"children":{"GenerateSensorData":{"count":2810,"self":0.0390219,"total":0.048088099999999995,"children":{"RayPerceptionSensor.Perceive":{"count":8430,"self":0.0090662,"total":0.0090662,"children":null}}}}}}},"CreateObservableSensors":{"count":10206,"self":1.2491706999999999,"total":1.2491706999999999,"children":null}},"gauges":{"TestBus01.CumulativeReward":{"count":2810,"max":1.11933827,"min":-1.33222628,"runningAverage":0.0300616827,"value":-0.4246054,"weightedAverage":-0.146551952}},"metadata":{"timer_format_version":"0.1.0","start_time_seconds":"1674765370","unity_version":"2021.3.11f1","command_line_arguments":"C:\\Program Files\\Unity\\Hub\\Editor\\2021.3.11f1\\Editor\\Unity.exe -projectpath C:\\Root\\ml2\\ml-agents\\Project -useHub -hubIPC -cloudEnvironment production","communication_protocol_version":"1.5.0","com.unity.ml-agents_version":"2.3.0-exp.4","scene_name":"00_SisabusLaunchTrainer03_MonsterTruck","end_time_seconds":"1674774386"}}