{"count":1,"self":474.50511359999996,"total":4515.7312104,"children":{"InitializeActuators":{"count":20,"self":0.0009985,"total":0.0009985,"children":null},"InitializeSensors":{"count":20,"self":0.0030184,"total":0.0070554,"children":{"CreateObservableSensors":{"count":20,"self":0.004037,"total":0.004037,"children":null}}},"AgentSendState":{"count":633167,"self":160.3722496,"total":265.3850109,"children":{"CollectObservations":{"count":4221120,"self":2.3317647999999997,"total":2.3317647999999997,"children":null},"WriteActionMask":{"count":4221120,"self":2.1291295999999997,"total":2.1291295,"children":null},"RequestDecision":{"count":4221120,"self":8.3648303999999989,"total":100.5518642,"children":{"AgentInfo.ToProto":{"count":4221120,"self":6.7497295999999993,"total":92.1870342,"children":{"GenerateSensorData":{"count":4221120,"self":70.37166719999999,"total":85.4373044,"children":{"RayPerceptionSensor.Perceive":{"count":12663360,"self":15.0656384,"total":15.0656377,"children":null}}}}}}}}},"DecideAction":{"count":633167,"self":3760.4671488,"total":3760.4672468999997,"children":null},"AgentAct":{"count":633167,"self":14.8731584,"total":14.8781594,"children":{"AgentInfo.ToProto":{"count":303,"self":0,"total":0.0050009,"children":{"GenerateSensorData":{"count":303,"self":0.0050009,"total":0.0050009,"children":{"RayPerceptionSensor.Perceive":{"count":909,"self":0,"total":0,"children":null}}}}}}},"AgentInfo.ToProto":{"count":13664,"self":0.081268899999999991,"total":0.4876043,"children":{"GenerateSensorData":{"count":13664,"self":0.34665239999999997,"total":0.40633539999999996,"children":{"RayPerceptionSensor.Perceive":{"count":40992,"self":0.059683,"total":0.059683,"children":null}}}}}},"gauges":{"TestCar00.CumulativeReward":{"count":13967,"max":2.56604576,"min":-1.73228931,"runningAverage":0.977769852,"value":1.05267286,"weightedAverage":0.9898989}},"metadata":{"timer_format_version":"0.1.0","start_time_seconds":"1675211921","unity_version":"2021.3.11f1","command_line_arguments":"C:\\Program Files\\Unity\\Hub\\Editor\\2021.3.11f1\\Editor\\Unity.exe -projectpath C:\\Root\\ml2\\ml-agents\\Project -useHub -hubIPC -cloudEnvironment production","communication_protocol_version":"1.5.0","com.unity.ml-agents_version":"2.3.0-exp.4","scene_name":"01_AgentTrainer","end_time_seconds":"1675216437"}}