{"count":1,"self":6819.9227391999993,"total":38176.9539025,"children":{"InitializeActuators":{"count":20,"self":0.0020003,"total":0.0020003,"children":null},"InitializeSensors":{"count":20,"self":0.002,"total":0.0040054,"children":{"CreateObservableSensors":{"count":20,"self":0.0020054,"total":0.0020054,"children":null}}},"AgentSendState":{"count":4868751,"self":1231.8483456,"total":2155.4932906999998,"children":{"CollectObservations":{"count":32458340,"self":23.7554704,"total":23.7554706,"children":null},"WriteActionMask":{"count":32458340,"self":18.6250672,"total":18.6250668,"children":null},"RequestDecision":{"count":32458340,"self":77.4600768,"total":881.2643842,"children":{"AgentInfo.ToProto":{"count":32458340,"self":61.8976384,"total":803.8043094,"children":{"GenerateSensorData":{"count":32458340,"self":614.1782016,"total":741.9066706,"children":{"RayPerceptionSensor.Perceive":{"count":97375020,"self":127.7284736,"total":127.72846849999999,"children":null}}}}}}}}},"DecideAction":{"count":4868751,"self":29000.351744,"total":29000.350745199998,"children":null},"AgentAct":{"count":4868751,"self":171.2203648,"total":171.7969427,"children":{"AgentInfo.ToProto":{"count":18802,"self":0.07659379999999999,"total":0.5765816,"children":{"GenerateSensorData":{"count":18802,"self":0.42203379999999996,"total":0.4999878,"children":{"RayPerceptionSensor.Perceive":{"count":56406,"self":0.077954,"total":0.077954,"children":null}}}}}}},"AgentInfo.ToProto":{"count":1390,"self":0.0060033,"total":0.0420421,"children":{"GenerateSensorData":{"count":1390,"self":0.0320408,"total":0.036038799999999996,"children":{"RayPerceptionSensor.Perceive":{"count":4170,"self":0.003998,"total":0.003998,"children":null}}}}},"CreateObservableSensors":{"count":295352,"self":29.341238399999998,"total":29.341238999999998,"children":null}},"gauges":{"TestCar00.CumulativeReward":{"count":20192,"max":2.00222063,"min":-2.48709559,"runningAverage":-0.06581262,"value":0.00234878622,"weightedAverage":-0.34541738}},"metadata":{"timer_format_version":"0.1.0","start_time_seconds":"1675567515","unity_version":"2021.3.11f1","command_line_arguments":"C:\\Program Files\\Unity\\Hub\\Editor\\2021.3.11f1\\Editor\\Unity.exe -projectpath C:\\Root\\ml2\\ml-agents\\Project -useHub -hubIPC -cloudEnvironment production","communication_protocol_version":"1.5.0","com.unity.ml-agents_version":"2.3.0-exp.4","scene_name":"01_AgentTrainer_02b_DisplayNoWalls","end_time_seconds":"1675605692"}}