{"count":1,"self":6966.8831231999993,"total":48822.460960699995,"children":{"InitializeActuators":{"count":16,"self":0.0019989,"total":0.0019989,"children":null},"InitializeSensors":{"count":16,"self":0.0025479,"total":0.0062524,"children":{"CreateObservableSensors":{"count":16,"self":0.0037045,"total":0.0037045,"children":null}}},"AgentSendState":{"count":6823084,"self":1303.1952383999999,"total":2138.9001040999997,"children":{"CollectObservations":{"count":36390672,"self":19.252265599999998,"total":19.2522663,"children":null},"WriteActionMask":{"count":36390672,"self":16.8037344,"total":16.8037351,"children":null},"RequestDecision":{"count":36390672,"self":65.4189248,"total":799.64887149999993,"children":{"AgentInfo.ToProto":{"count":36390672,"self":55.197638399999995,"total":734.22994469999992,"children":{"GenerateSensorData":{"count":36390672,"self":555.916288,"total":679.0323091,"children":{"RayPerceptionSensor.Perceive":{"count":109172016,"self":123.11603199999999,"total":123.11602669999999,"children":null}}}}}}}}},"DecideAction":{"count":6823084,"self":39669.124300799995,"total":39669.1256487,"children":null},"AgentAct":{"count":6823084,"self":47.4231968,"total":47.4231974,"children":null},"AgentInfo.ToProto":{"count":4896,"self":0.0177913,"total":0.11925999999999999,"children":{"GenerateSensorData":{"count":4896,"self":0.0766425,"total":0.1014687,"children":{"RayPerceptionSensor.Perceive":{"count":14688,"self":0.0248262,"total":0.0248262,"children":null}}}}}},"gauges":{"BusTwos.CumulativeReward":{"count":4896,"max":12.5601921,"min":-1,"runningAverage":6.62808561,"value":11.0901585,"weightedAverage":9.7001}},"metadata":{"timer_format_version":"0.1.0","start_time_seconds":"1675391084","unity_version":"2021.3.11f1","command_line_arguments":"C:\\Program Files\\Unity\\Hub\\Editor\\2021.3.11f1\\Editor\\Unity.exe -projectpath C:\\Root\\ml2\\ml-agents\\Project -useHub -hubIPC -cloudEnvironment production","communication_protocol_version":"1.5.0","com.unity.ml-agents_version":"2.3.0-exp.4","scene_name":"01_AgentTrainer_03_Versus","end_time_seconds":"1675439907"}}