{"count":1,"self":3187.4050048,"total":40511.8750399,"children":{"InitializeActuators":{"count":15,"self":0.00099969999999999985,"total":0.00099969999999999985,"children":null},"InitializeSensors":{"count":15,"self":0.0020016,"total":0.0060113,"children":{"CreateObservableSensors":{"count":15,"self":0.0040097,"total":0.0040097,"children":null}}},"AgentSendState":{"count":6619701,"self":1163.9193599999999,"total":2291.9777879999997,"children":{"CollectObservations":{"count":33098505,"self":19.6697712,"total":19.6697715,"children":null},"WriteActionMask":{"count":33098505,"self":15.642068799999999,"total":15.6420695,"children":null},"RequestDecision":{"count":33098505,"self":63.462559999999996,"total":1092.7466339,"children":{"AgentInfo.ToProto":{"count":33098505,"self":54.3015616,"total":1029.284073,"children":{"GenerateSensorData":{"count":33098505,"self":861.7311232,"total":974.98250999999993,"children":{"RayPerceptionSensor.Perceive":{"count":66197010,"self":113.2513408,"total":113.2513405,"children":null}}}}}}}}},"DecideAction":{"count":6619701,"self":34992.275455999996,"total":34992.274156499996,"children":null},"AgentAct":{"count":6619701,"self":39.2187136,"total":40.039707299999996,"children":{"AgentInfo.ToProto":{"count":18645,"self":0.0830043,"total":0.82099329999999993,"children":{"GenerateSensorData":{"count":18645,"self":0.6646733,"total":0.737989,"children":{"RayPerceptionSensor.Perceive":{"count":37290,"self":0.0733157,"total":0.0733157,"children":null}}}}}}},"AgentInfo.ToProto":{"count":4179,"self":0.0113818,"total":0.170365,"children":{"GenerateSensorData":{"count":4179,"self":0.1510191,"total":0.1589832,"children":{"RayPerceptionSensor.Perceive":{"count":8358,"self":0.0079641,"total":0.0079641,"children":null}}}}}},"gauges":{"PushBus.CumulativeReward":{"count":22824,"max":0.9872,"min":-2.01900315,"runningAverage":-0.9638135,"value":-0.99994123,"weightedAverage":-0.7804228}},"metadata":{"timer_format_version":"0.1.0","start_time_seconds":"1673668639","unity_version":"2021.3.11f1","command_line_arguments":"C:\\Program Files\\Unity\\Hub\\Editor\\2021.3.11f1\\Editor\\Unity.exe -projectpath C:\\Root\\ml2\\ml-agents\\Project -useHub -hubIPC -cloudEnvironment production","communication_protocol_version":"1.5.0","com.unity.ml-agents_version":"2.3.0-exp.4","scene_name":"PushBall_Bus","end_time_seconds":"1673709151"}}